age_group,platform
18-24,video
18-24,video
18-24,video
18-24,video
18-24,video
18-24,video
18-24,video
18-24,video
18-24,video
18-24,video
18-24,video
18-24,video
18-24,video
18-24,video
18-24,video
18-24,video
18-24,video
18-24,video
18-24,video
18-24,video
18-24,video
18-24,video
18-24,video
18-24,video
18-24,video
18-24,video
18-24,video
18-24,video
18-24,video
18-24,video
18-24,video
18-24,video
18-24,video
18-24,video
18-24,video
18-24,video
18-24,video
18-24,video
18-24,video
18-24,video
18-24,video
18-24,video
18-24,video
18-24,video
18-24,video
18-24,video
18-24,video
18-24,video
18-24,video
18-24,video
18-24,video
18-24,video
18-24,video
18-24,video
18-24,video
18-24,video
18-24,video
18-24,video
18-24,video
18-24,video
18-24,video
18-24,video
18-24,video
18-24,video
18-24,video
18-24,video
18-24,video
18-24,video
18-24,video
18-24,video
18-24,text
18-24,text
18-24,text
18-24,text
18-24,text
18-24,text
18-24,text
18-24,text
18-24,text
18-24,text
18-24,text
18-24,text
18-24,text
18-24,text
18-24,text
18-24,text
18-24,text
18-24,text
18-24,text
18-24,text
18-24,audio
18-24,audio
18-24,audio
18-24,audio
18-24,audio
18-24,audio
18-24,audio
18-24,audio
18-24,audio
18-24,audio
25-34,video
25-34,video
25-34,video
25-34,video
25-34,video
25-34,video
25-34,video
25-34,video
25-34,video
25-34,video
25-34,video
25-34,video
25-34,video
25-34,video
25-34,video
25-34,video
25-34,video
25-34,video
25-34,video
25-34,video
25-34,video
25-34,video
25-34,video
25-34,video
25-34,video
25-34,video
25-34,video
25-34,video
25-34,video
25-34,video
25-34,video
25-34,video
25-34,video
25-34,video
25-34,video
25-34,video
25-34,video
25-34,video
25-34,video
25-34,video
25-34,video
25-34,video
25-34,video
25-34,video
25-34,video
25-34,video
25-34,video
25-34,video
25-34,video
25-34,video
25-34,text
25-34,text
25-34,text
25-34,text
25-34,text
25-34,text
25-34,text
25-34,text
25-34,text
25-34,text
25-34,text
25-34,text
25-34,text
25-34,text
25-34,text
25-34,text
25-34,text
25-34,text
25-34,text
25-34,text
25-34,text
25-34,text
25-34,text
25-34,text
25-34,text
25-34,text
25-34,text
25-34,text
25-34,text
25-34,text
25-34,audio
25-34,audio
25-34,audio
25-34,audio
25-34,audio
25-34,audio
25-34,audio
25-34,audio
25-34,audio
25-34,audio
25-34,audio
25-34,audio
25-34,audio
25-34,audio
25-34,audio
25-34,audio
25-34,audio
25-34,audio
25-34,audio
25-34,audio
35-44,video
35-44,video
35-44,video
35-44,video
35-44,video
35-44,video
35-44,video
35-44,video
35-44,video
35-44,video
35-44,video
35-44,video
35-44,video
35-44,video
35-44,video
35-44,video
35-44,video
35-44,video
35-44,video
35-44,video
35-44,video
35-44,video
35-44,video
35-44,video
35-44,video
35-44,video
35-44,video
35-44,video
35-44,video
35-44,video
35-44,video
35-44,video
35-44,video
35-44,video
35-44,video
35-44,text
35-44,text
35-44,text
35-44,text
35-44,text
35-44,text
35-44,text
35-44,text
35-44,text
35-44,text
35-44,text
35-44,text
35-44,text
35-44,text
35-44,text
35-44,text
35-44,text
35-44,text
35-44,text
35-44,text
35-44,text
35-44,text
35-44,text
35-44,text
35-44,text
35-44,text
35-44,text
35-44,text
35-44,text
35-44,text
35-44,text
35-44,text
35-44,text
35-44,text
35-44,text
35-44,text
35-44,text
35-44,text
35-44,text
35-44,text
35-44,audio
35-44,audio
35-44,audio
35-44,audio
35-44,audio
35-44,audio
35-44,audio
35-44,audio
35-44,audio
35-44,audio
35-44,audio
35-44,audio
35-44,audio
35-44,audio
35-44,audio
35-44,audio
35-44,audio
35-44,audio
35-44,audio
35-44,audio
35-44,audio
35-44,audio
35-44,audio
35-44,audio
35-44,audio
45-54,video
45-54,video
45-54,video
45-54,video
45-54,video
45-54,video
45-54,video
45-54,video
45-54,video
45-54,video
45-54,video
45-54,video
45-54,video
45-54,video
45-54,video
45-54,video
45-54,video
45-54,video
45-54,video
45-54,video
45-54,video
45-54,video
45-54,video
45-54,video
45-54,video
45-54,text
45-54,text
45-54,text
45-54,text
45-54,text
45-54,text
45-54,text
45-54,text
45-54,text
45-54,text
45-54,text
45-54,text
45-54,text
45-54,text
45-54,text
45-54,text
45-54,text
45-54,text
45-54,text
45-54,text
45-54,text
45-54,text
45-54,text
45-54,text
45-54,text
45-54,text
45-54,text
45-54,text
45-54,text
45-54,text
45-54,text
45-54,text
45-54,text
45-54,text
45-54,text
45-54,text
45-54,text
45-54,text
45-54,text
45-54,text
45-54,text
45-54,text
45-54,text
45-54,text
45-54,text
45-54,text
45-54,text
45-54,text
45-54,text
45-54,text
45-54,audio
45-54,audio
45-54,audio
45-54,audio
45-54,audio
45-54,audio
45-54,audio
45-54,audio
45-54,audio
45-54,audio
45-54,audio
45-54,audio
45-54,audio
45-54,audio
45-54,audio
45-54,audio
45-54,audio
45-54,audio
45-54,audio
45-54,audio
45-54,audio
45-54,audio
45-54,audio
45-54,audio
45-54,audio
55+,video
55+,video
55+,video
55+,video
55+,video
55+,video
55+,video
55+,video
55+,video
55+,video
55+,video
55+,video
55+,video
55+,video
55+,video
55+,text
55+,text
55+,text
55+,text
55+,text
55+,text
55+,text
55+,text
55+,text
55+,text
55+,text
55+,text
55+,text
55+,text
55+,text
55+,text
55+,text
55+,text
55+,text
55+,text
55+,text
55+,text
55+,text
55+,text
55+,text
55+,text
55+,text
55+,text
55+,text
55+,text
55+,text
55+,text
55+,text
55+,text
55+,text
55+,text
55+,text
55+,text
55+,text
55+,text
55+,text
55+,text
55+,text
55+,text
55+,text
55+,text
55+,text
55+,text
55+,text
55+,text
55+,text
55+,text
55+,text
55+,text
55+,text
55+,audio
55+,audio
55+,audio
55+,audio
55+,audio
55+,audio
55+,audio
55+,audio
55+,audio
55+,audio
55+,audio
55+,audio
55+,audio
55+,audio
55+,audio
55+,audio
55+,audio
55+,audio
55+,audio
55+,audio
55+,audio
55+,audio
55+,audio
55+,audio
55+,audio
55+,audio
55+,audio
55+,audio
55+,audio
55+,audio
