timestamp,sensor_a,sensor_b,sensor_c,sensor_d,sensor_e,sensor_f,sensor_g,sensor_h
2026-08-01,50,57,53,60,56,52,59,55
2026-08-02,62,69,65,61,68,64,60,67
2026-08-03,74,70,77,73,80,76,72,79
2026-08-04,86,82,89,85,81,88,84,80
2026-08-05,98,94,90,97,93,100,96,92
2026-08-06,110,106,102,109,105,101,108,104
2026-08-07,111,118,114,110,117,113,120,116
2026-08-08,123,130,126,122,129,125,121,128
2026-08-09,135,131,138,134,130,137,133,140
2026-08-10,147,143,150,146,142,149,145,141
2026-08-11,159,155,151,158,154,150,157,153
2026-08-12,160,167,163,170,166,162,169,165
2026-08-13,172,179,175,171,178,174,170,177
2026-08-14,184,180,187,183,190,186,182,189
2026-08-15,196,192,199,195,191,198,194,190
2026-08-16,208,204,200,207,203,210,206,202
2026-08-17,220,216,212,219,215,211,218,214
2026-08-18,221,228,224,220,227,223,230,226
2026-08-19,233,240,236,232,239,235,231,238
2026-08-20,245,241,248,244,240,247,243,250
2026-08-21,257,253,260,256,252,259,255,251
2026-08-22,269,265,261,268,264,260,267,263
2026-08-23,270,277,273,280,276,272,279,275
2026-08-24,282,289,285,281,288,284,280,287
2026-08-25,294,290,297,293,300,296,292,299
2026-08-26,306,302,309,305,301,308,304,300
2026-08-27,318,314,310,317,313,320,316,312
2026-08-28,330,326,322,329,325,321,328,324
2026-08-29,331,338,334,330,337,333,340,336
2026-08-30,343,350,346,342,349,345,341,348
